<?xml version="1.0" encoding="utf-8"?>
<!--/13690745/106067/2.50/10/3/Integrated Circuit/-->
<quadcept_library>
  <setting unit="mil" />
  <textstyle name="Default" height="47.244094488189" strokewidth="7.8740157480315" charwidth="47.244094488189" />
  <textstyle name="Dimension" height="19.6850393700787" strokewidth="0" charwidth="19.6850393700787" />
  <textstyle name="H127W0635TH00762" height="50" strokewidth="3" charwidth="25" />
  <textstyle name="H15W15TH02" height="59.0551181102362" strokewidth="7.8740157480315" charwidth="59.0551181102362" />
  <padstyle name="r90_40" surface="True" plated="False" isvia="False" nopaste="False" nomask="True" complex="False" holesize="0">
    <padshape layer="TOP" shape="rectangle" width="15.748031496063" height="35.433070866141" />
    <padshape layer="TOP_SOLDER_MASK" shape="rectangle" width="23.622047244094" height="43.307086614173" />
    <padshape layer="TOP_SOLDER_PASTE" shape="rectangle" width="15.748031496063" height="35.433070866141" />
  </padstyle>
  <padstyle name="r90_70" surface="True" plated="False" isvia="False" nopaste="False" nomask="True" complex="False" holesize="0">
    <padshape layer="TOP" shape="rectangle" width="27.55905511811" height="35.433070866141" />
    <padshape layer="TOP_SOLDER_MASK" shape="rectangle" width="35.433070866141" height="43.307086614173" />
    <padshape layer="TOP_SOLDER_PASTE" shape="rectangle" width="27.55905511811" height="35.433070866141" />
  </padstyle>
  <footprint name="RX8111CEAB" originx="0" originy="0" pickpointx="0" pickpointy="0">
    <pcbpin number="1" name="1" style="r90_70" originx="-39.370078740157" originy="61.023622047243" rotation="90" />
    <pcbpin number="2" name="2" style="r90_40" originx="-39.370078740157" originy="27.55905511811" rotation="90" />
    <pcbpin number="3" name="3" style="r90_40" originx="-39.370078740157" originy="0" rotation="90" />
    <pcbpin number="4" name="4" style="r90_40" originx="-39.370078740157" originy="-27.55905511811" rotation="90" />
    <pcbpin number="5" name="5" style="r90_70" originx="-39.370078740157" originy="-61.023622047243" rotation="90" />
    <pcbpin number="6" name="6" style="r90_70" originx="39.370078740157" originy="-61.023622047243" rotation="90" />
    <pcbpin number="7" name="7" style="r90_40" originx="39.370078740157" originy="-27.55905511811" rotation="90" />
    <pcbpin number="8" name="8" style="r90_40" originx="39.370078740157" originy="0" rotation="90" />
    <pcbpin number="9" name="9" style="r90_40" originx="39.370078740157" originy="27.55905511811" rotation="90" />
    <pcbpin number="10" name="10" style="r90_70" originx="39.370078740157" originy="61.023622047243" rotation="90" />
    <line layer="TOP_ASSEMBLY" originx="-49.212598425196" originy="62.992125984251" endx="49.212598425196" endy="62.992125984251" width="3.9370078740157" />
    <line layer="TOP_ASSEMBLY" originx="49.212598425196" originy="62.992125984251" endx="49.212598425196" endy="-62.992125984251" width="3.9370078740157" />
    <line layer="TOP_ASSEMBLY" originx="49.212598425196" originy="-62.992125984251" endx="-49.212598425196" endy="-62.992125984251" width="3.9370078740157" />
    <line layer="TOP_ASSEMBLY" originx="-49.212598425196" originy="-62.992125984251" endx="-49.212598425196" endy="62.992125984251" width="3.9370078740157" />
    <line layer="TOP_PLACE_BOUND" originx="-96.456692913385" originy="114.17322834646" endx="96.456692913385" endy="114.17322834646" width="3.9370078740157" />
    <line layer="TOP_PLACE_BOUND" originx="96.456692913385" originy="114.17322834646" endx="96.456692913385" endy="-114.17322834646" width="3.9370078740157" />
    <line layer="TOP_PLACE_BOUND" originx="96.456692913385" originy="-114.17322834646" endx="-96.456692913385" endy="-114.17322834646" width="3.9370078740157" />
    <line layer="TOP_PLACE_BOUND" originx="-96.456692913385" originy="-114.17322834646" endx="-96.456692913385" endy="114.17322834646" width="3.9370078740157" />
    <line layer="TOP_SILKSCREEN" originx="-70.866141732283" originy="61.023622047243" endx="-70.866141732283" endy="61.023622047243" width="3.9370078740157" />
    <arc layer="TOP_SILKSCREEN" originx="-72.83464566929" originy="61.023622047243" startangle=".0" sweepangle="180.0" radius="1.9685039370079" width="3.9370078740157" />
    <line layer="TOP_SILKSCREEN" originx="-74.803149606298" originy="61.023622047243" endx="-74.803149606298" endy="61.023622047243" width="3.9370078740157" />
    <arc layer="TOP_SILKSCREEN" originx="-72.83464566929" originy="61.023622047243" startangle="180.0" sweepangle="180.0" radius="1.9685039370079" width="3.9370078740157" />
  </footprint>
  <symbol name="RX8111CE_AB" originx="0" originy="0">
    <line originx="200" originy="100" endx="900" endy="100" width="0" />
    <line originx="900" originy="-500" endx="900" endy="100" width="0" />
    <line originx="900" originy="-500" endx="200" endy="-500" width="0" />
    <line originx="200" originy="100" endx="200" endy="-500" width="0" />
    <sympin number="1" originx="200" originy="0" rotation="180" length="100" width="7.8740157480315" flipped="False">
      <text name="pinname" originx="230" originy="0" style="Default" rotation="0" justify="left" flipped="False" hidden="False" data="VDD" />
      <text name="pindes" originx="140" originy="20" style="Default" rotation="0" justify="lowerright" flipped="False" hidden="False" data="1" />
    </sympin>
    <sympin number="2" originx="200" originy="-100" rotation="180" length="100" width="7.8740157480315" flipped="False">
      <text name="pinname" originx="230" originy="-100" style="Default" rotation="0" justify="left" flipped="False" hidden="False" data="VOUT" />
      <text name="pindes" originx="140" originy="-80" style="Default" rotation="0" justify="lowerright" flipped="False" hidden="False" data="2" />
    </sympin>
    <sympin number="3" originx="200" originy="-200" rotation="180" length="100" width="7.8740157480315" flipped="False">
      <text name="pinname" originx="230" originy="-200" style="Default" rotation="0" justify="left" flipped="False" hidden="False" data="VBAT" />
      <text name="pindes" originx="140" originy="-180" style="Default" rotation="0" justify="lowerright" flipped="False" hidden="False" data="3" />
    </sympin>
    <sympin number="4" originx="200" originy="-300" rotation="180" length="100" width="7.8740157480315" flipped="False">
      <text name="pinname" originx="230" originy="-300" style="Default" rotation="0" justify="left" flipped="False" hidden="False" data="FOUT" />
      <text name="pindes" originx="140" originy="-280" style="Default" rotation="0" justify="lowerright" flipped="False" hidden="False" data="4" />
    </sympin>
    <sympin number="5" originx="200" originy="-400" rotation="180" length="100" width="7.8740157480315" flipped="False">
      <text name="pinname" originx="230" originy="-400" style="Default" rotation="0" justify="left" flipped="False" hidden="False" data="SCL" />
      <text name="pindes" originx="140" originy="-380" style="Default" rotation="0" justify="lowerright" flipped="False" hidden="False" data="5" />
    </sympin>
    <sympin number="6" originx="900" originy="-400" rotation="0" length="100" width="7.8740157480315" flipped="False">
      <text name="pinname" originx="870" originy="-400" style="Default" rotation="0" justify="right" flipped="False" hidden="False" data="EVIN" />
      <text name="pindes" originx="960" originy="-380" style="Default" rotation="0" justify="lowerleft" flipped="False" hidden="False" data="6" />
    </sympin>
    <sympin number="7" originx="900" originy="-300" rotation="0" length="100" width="7.8740157480315" flipped="False">
      <text name="pinname" originx="870" originy="-300" style="Default" rotation="0" justify="right" flipped="False" hidden="False" data="SDA" />
      <text name="pindes" originx="960" originy="-280" style="Default" rotation="0" justify="lowerleft" flipped="False" hidden="False" data="7" />
    </sympin>
    <sympin number="8" originx="900" originy="-200" rotation="0" length="100" width="7.8740157480315" flipped="False">
      <text name="pinname" originx="870" originy="-200" style="Default" rotation="0" justify="right" flipped="False" hidden="False" data="VIO" />
      <text name="pindes" originx="960" originy="-180" style="Default" rotation="0" justify="lowerleft" flipped="False" hidden="False" data="8" />
    </sympin>
    <sympin number="9" originx="900" originy="-100" rotation="0" length="100" width="7.8740157480315" flipped="False">
      <text name="pinname" originx="870" originy="-100" style="Default" rotation="0" justify="right" flipped="False" hidden="False" data="GND" />
      <text name="pindes" originx="960" originy="-80" style="Default" rotation="0" justify="lowerleft" flipped="False" hidden="False" data="9" />
    </sympin>
    <sympin number="10" originx="900" originy="0" rotation="0" length="100" width="7.8740157480315" flipped="False">
      <text name="pinname" originx="870" originy="0" style="Default" rotation="0" justify="right" flipped="False" hidden="False" data="\INT" />
      <text name="pindes" originx="960" originy="20" style="Default" rotation="0" justify="lowerleft" flipped="False" hidden="False" data="10" />
    </sympin>
  </symbol>
  <component name="RX8111CE_AB" designatorprefix="IC" height="39.370078740157" footprint="RX8111CEAB">
    <comppin designator="1" sympin="1" pinswap="0" gateswap="0" gate="1" group="1" side="" type="Any" name="VDD" />
    <comppin designator="2" sympin="2" pinswap="0" gateswap="0" gate="1" group="1" side="" type="Any" name="VOUT" />
    <comppin designator="3" sympin="3" pinswap="0" gateswap="0" gate="1" group="1" side="" type="Any" name="VBAT" />
    <comppin designator="4" sympin="4" pinswap="0" gateswap="0" gate="1" group="1" side="" type="Any" name="FOUT" />
    <comppin designator="5" sympin="5" pinswap="0" gateswap="0" gate="1" group="1" side="" type="Any" name="SCL" />
    <comppin designator="6" sympin="6" pinswap="0" gateswap="0" gate="1" group="1" side="" type="Any" name="EVIN" />
    <comppin designator="7" sympin="7" pinswap="0" gateswap="0" gate="1" group="1" side="" type="Any" name="SDA" />
    <comppin designator="8" sympin="8" pinswap="0" gateswap="0" gate="1" group="1" side="" type="Any" name="VIO" />
    <comppin designator="9" sympin="9" pinswap="0" gateswap="0" gate="1" group="1" side="" type="Any" name="GND" />
    <comppin designator="10" sympin="10" pinswap="0" gateswap="0" gate="1" group="1" side="" type="Any" name="|INT" />
    <attached_symbol gate="1" name="RX8111CE_AB" />
    <pinmap designator="1" footprintpin="1" />
    <pinmap designator="2" footprintpin="2" />
    <pinmap designator="3" footprintpin="3" />
    <pinmap designator="4" footprintpin="4" />
    <pinmap designator="5" footprintpin="5" />
    <pinmap designator="6" footprintpin="6" />
    <pinmap designator="7" footprintpin="7" />
    <pinmap designator="8" footprintpin="8" />
    <pinmap designator="9" footprintpin="9" />
    <pinmap designator="10" footprintpin="10" />
    <text name="Datasheet" originx="0" originy="0" style="Default" rotation="0" justify="" flipped="False" hidden="True" data="https://www5.epsondevice.com/en/products/rtc/rx8111ce.html" />
    <text name="Description" originx="0" originy="0" style="Default" rotation="0" justify="" flipped="False" hidden="True" data="Real Time Clock RX8111CE:AB REAL TIME CLOCK I2C-BUS 3.0V 11.5PPM BULK" />
    <text name="Manufacturer_Name" originx="0" originy="0" style="Default" rotation="0" justify="" flipped="False" hidden="True" data="Epson Timing" />
    <text name="Manufacturer_Part_Number" originx="950" originy="200" style="Default" rotation="0" justify="left" flipped="False" hidden="False" data="RX8111CE AB" />
    <text name="Mouser Part Number" originx="0" originy="0" style="Default" rotation="0" justify="" flipped="False" hidden="True" data="732-RX8111CEAB" />
    <text name="Mouser Price/Stock" originx="0" originy="0" style="Default" rotation="0" justify="" flipped="False" hidden="True" data="https://www.mouser.co.uk/ProductDetail/Epson-Timing/RX8111CE-AB?qs=zW32dvEIR3tJmkMUq44aCA%3D%3D" />
    <text name="Arrow Part Number" originx="0" originy="0" style="Default" rotation="0" justify="" flipped="False" hidden="True" data="" />
    <text name="Arrow Price/Stock" originx="0" originy="0" style="Default" rotation="0" justify="" flipped="False" hidden="True" data="" />
  </component>
</quadcept_library>
